[
    {
        "AlbumId": 1,
        "ArtistId": 1,
        "Title": "For Those About To Rock We Salute You"
    },
    {
        "AlbumId": 2,
        "ArtistId": 2,
        "Title": "Balls to the Wall"
    },
    {
        "AlbumId": 3,
        "ArtistId": 2,
        "Title": "Restless and Wild"
    },
    {
        "AlbumId": 4,
        "ArtistId": 1,
        "Title": "Let There Be Rock"
    },
    {
        "AlbumId": 5,
        "ArtistId": 3,
        "Title": "Big Ones"
    },
    {
        "AlbumId": 6,
        "ArtistId": 4,
        "Title": "Jagged Little Pill"
    },
    {
        "AlbumId": 7,
        "ArtistId": 5,
        "Title": "Facelift"
    },
    {
        "AlbumId": 8,
        "ArtistId": 6,
        "Title": "Warner 25 Anos"
    },
    {
        "AlbumId": 9,
        "ArtistId": 7,
        "Title": "Plays Metallica By Four Cellos"
    },
    {
        "AlbumId": 10,
        "ArtistId": 8,
        "Title": "Audioslave"
    },
    {
        "AlbumId": 11,
        "ArtistId": 8,
        "Title": "Out Of Exile"
    },
    {
        "AlbumId": 12,
        "ArtistId": 9,
        "Title": "BackBeat Soundtrack"
    },
    {
        "AlbumId": 13,
        "ArtistId": 10,
        "Title": "The Best Of Billy Cobham"
    },
    {
        "AlbumId": 14,
        "ArtistId": 11,
        "Title": "Alcohol Fueled Brewtality Live! [Disc 1]"
    },
    {
        "AlbumId": 15,
        "ArtistId": 11,
        "Title": "Alcohol Fueled Brewtality Live! [Disc 2]"
    },
    {
        "AlbumId": 16,
        "ArtistId": 12,
        "Title": "Black Sabbath"
    },
    {
        "AlbumId": 17,
        "ArtistId": 12,
        "Title": "Black Sabbath Vol. 4 (Remaster)"
    },
    {
        "AlbumId": 18,
        "ArtistId": 13,
        "Title": "Body Count"
    },
    {
        "AlbumId": 19,
        "ArtistId": 14,
        "Title": "Chemical Wedding"
    },
    {
        "AlbumId": 20,
        "ArtistId": 15,
        "Title": "The Best Of Buddy Guy - The Millenium Collection"
    },
    {
        "AlbumId": 21,
        "ArtistId": 16,
        "Title": "Prenda Minha"
    },
    {
        "AlbumId": 22,
        "ArtistId": 16,
        "Title": "Sozinho Remix Ao Vivo"
    },
    {
        "AlbumId": 23,
        "ArtistId": 17,
        "Title": "Minha Historia"
    },
    {
        "AlbumId": 24,
        "ArtistId": 18,
        "Title": "Afrociberdelia"
    },
    {
        "AlbumId": 25,
        "ArtistId": 18,
        "Title": "Da Lama Ao Caos"
    },
    {
        "AlbumId": 26,
        "ArtistId": 19,
        "Title": "Acústico MTV [Live]"
    },
    {
        "AlbumId": 27,
        "ArtistId": 19,
        "Title": "Cidade Negra - Hits"
    },
    {
        "AlbumId": 28,
        "ArtistId": 20,
        "Title": "Na Pista"
    },
    {
        "AlbumId": 29,
        "ArtistId": 21,
        "Title": "Axé Bahia 2001"
    },
    {
        "AlbumId": 30,
        "ArtistId": 22,
        "Title": "BBC Sessions [Disc 1] [Live]"
    },
    {
        "AlbumId": 31,
        "ArtistId": 23,
        "Title": "Bongo Fury"
    },
    {
        "AlbumId": 32,
        "ArtistId": 21,
        "Title": "Carnaval 2001"
    },
    {
        "AlbumId": 33,
        "ArtistId": 24,
        "Title": "Chill: Brazil (Disc 1)"
    },
    {
        "AlbumId": 34,
        "ArtistId": 6,
        "Title": "Chill: Brazil (Disc 2)"
    },
    {
        "AlbumId": 35,
        "ArtistId": 50,
        "Title": "Garage Inc. (Disc 1)"
    },
    {
        "AlbumId": 36,
        "ArtistId": 51,
        "Title": "Greatest Hits II"
    },
    {
        "AlbumId": 37,
        "ArtistId": 52,
        "Title": "Greatest Kiss"
    },
    {
        "AlbumId": 38,
        "ArtistId": 53,
        "Title": "Heart of the Night"
    },
    {
        "AlbumId": 39,
        "ArtistId": 54,
        "Title": "International Superhits"
    },
    {
        "AlbumId": 40,
        "ArtistId": 55,
        "Title": "Into The Light"
    },
    {
        "AlbumId": 41,
        "ArtistId": 56,
        "Title": "Meus Momentos"
    },
    {
        "AlbumId": 42,
        "ArtistId": 57,
        "Title": "Minha História"
    },
    {
        "AlbumId": 43,
        "ArtistId": 58,
        "Title": "MK III The Final Concerts [Disc 1]"
    },
    {
        "AlbumId": 44,
        "ArtistId": 22,
        "Title": "Physical Graffiti [Disc 1]"
    },
    {
        "AlbumId": 45,
        "ArtistId": 21,
        "Title": "Sambas De Enredo 2001"
    },
    {
        "AlbumId": 46,
        "ArtistId": 59,
        "Title": "Supernatural"
    },
    {
        "AlbumId": 47,
        "ArtistId": 37,
        "Title": "The Best of Ed Motta"
    },
    {
        "AlbumId": 48,
        "ArtistId": 68,
        "Title": "The Essential Miles Davis [Disc 1]"
    },
    {
        "AlbumId": 49,
        "ArtistId": 68,
        "Title": "The Essential Miles Davis [Disc 2]"
    },
    {
        "AlbumId": 50,
        "ArtistId": 58,
        "Title": "The Final Concerts (Disc 2)"
    },
    {
        "AlbumId": 51,
        "ArtistId": 69,
        "Title": "Up An' Atom"
    },
    {
        "AlbumId": 52,
        "ArtistId": 70,
        "Title": "Vinícius De Moraes - Sem Limite"
    },
    {
        "AlbumId": 53,
        "ArtistId": 21,
        "Title": "Vozes do MPB"
    },
    {
        "AlbumId": 54,
        "ArtistId": 76,
        "Title": "Chronicle, Vol. 1"
    },
    {
        "AlbumId": 55,
        "ArtistId": 76,
        "Title": "Chronicle, Vol. 2"
    },
    {
        "AlbumId": 56,
        "ArtistId": 77,
        "Title": "Cássia Eller - Coleção Sem Limite [Disc 2]"
    },
    {
        "AlbumId": 57,
        "ArtistId": 77,
        "Title": "Cássia Eller - Sem Limite [Disc 1]"
    },
    {
        "AlbumId": 58,
        "ArtistId": 58,
        "Title": "Come Taste The Band"
    },
    {
        "AlbumId": 59,
        "ArtistId": 58,
        "Title": "Deep Purple In Rock"
    },
    {
        "AlbumId": 60,
        "ArtistId": 58,
        "Title": "Fireball"
    },
    {
        "AlbumId": 61,
        "ArtistId": 58,
        "Title": "Knocking at Your Back Door: The Best Of Deep Purple in the 80's"
    },
    {
        "AlbumId": 62,
        "ArtistId": 58,
        "Title": "Machine Head"
    },
    {
        "AlbumId": 63,
        "ArtistId": 58,
        "Title": "Purpendicular"
    },
    {
        "AlbumId": 64,
        "ArtistId": 58,
        "Title": "Slaves And Masters"
    },
    {
        "AlbumId": 65,
        "ArtistId": 58,
        "Title": "Stormbringer"
    },
    {
        "AlbumId": 66,
        "ArtistId": 58,
        "Title": "The Battle Rages On"
    },
    {
        "AlbumId": 67,
        "ArtistId": 78,
        "Title": "Vault: Def Leppard's Greatest Hits"
    },
    {
        "AlbumId": 68,
        "ArtistId": 79,
        "Title": "Outbreak"
    },
    {
        "AlbumId": 69,
        "ArtistId": 80,
        "Title": "Djavan Ao Vivo - Vol. 02"
    },
    {
        "AlbumId": 70,
        "ArtistId": 80,
        "Title": "Djavan Ao Vivo - Vol. 1"
    },
    {
        "AlbumId": 71,
        "ArtistId": 41,
        "Title": "Elis Regina-Minha História"
    },
    {
        "AlbumId": 72,
        "ArtistId": 81,
        "Title": "The Cream Of Clapton"
    },
    {
        "AlbumId": 73,
        "ArtistId": 81,
        "Title": "Unplugged"
    },
    {
        "AlbumId": 74,
        "ArtistId": 82,
        "Title": "Album Of The Year"
    },
    {
        "AlbumId": 75,
        "ArtistId": 82,
        "Title": "Angel Dust"
    },
    {
        "AlbumId": 76,
        "ArtistId": 82,
        "Title": "King For A Day Fool For A Lifetime"
    },
    {
        "AlbumId": 77,
        "ArtistId": 82,
        "Title": "The Real Thing"
    },
    {
        "AlbumId": 78,
        "ArtistId": 83,
        "Title": "Deixa Entrar"
    },
    {
        "AlbumId": 79,
        "ArtistId": 84,
        "Title": "In Your Honor [Disc 1]"
    },
    {
        "AlbumId": 80,
        "ArtistId": 84,
        "Title": "In Your Honor [Disc 2]"
    },
    {
        "AlbumId": 81,
        "ArtistId": 84,
        "Title": "One By One"
    },
    {
        "AlbumId": 82,
        "ArtistId": 84,
        "Title": "The Colour And The Shape"
    },
    {
        "AlbumId": 83,
        "ArtistId": 85,
        "Title": "My Way: The Best Of Frank Sinatra [Disc 1]"
    },
    {
        "AlbumId": 84,
        "ArtistId": 86,
        "Title": "Roda De Funk"
    },
    {
        "AlbumId": 85,
        "ArtistId": 27,
        "Title": "As Canções de Eu Tu Eles"
    },
    {
        "AlbumId": 86,
        "ArtistId": 27,
        "Title": "Quanta Gente Veio Ver (Live)"
    },
    {
        "AlbumId": 87,
        "ArtistId": 27,
        "Title": "Quanta Gente Veio ver--Bônus De Carnaval"
    },
    {
        "AlbumId": 88,
        "ArtistId": 87,
        "Title": "Faceless"
    },
    {
        "AlbumId": 89,
        "ArtistId": 54,
        "Title": "American Idiot"
    },
    {
        "AlbumId": 90,
        "ArtistId": 88,
        "Title": "Appetite for Destruction"
    },
    {
        "AlbumId": 91,
        "ArtistId": 88,
        "Title": "Use Your Illusion I"
    },
    {
        "AlbumId": 92,
        "ArtistId": 88,
        "Title": "Use Your Illusion II"
    },
    {
        "AlbumId": 93,
        "ArtistId": 89,
        "Title": "Blue Moods"
    },
    {
        "AlbumId": 94,
        "ArtistId": 90,
        "Title": "A Matter of Life and Death"
    },
    {
        "AlbumId": 95,
        "ArtistId": 90,
        "Title": "A Real Dead One"
    },
    {
        "AlbumId": 96,
        "ArtistId": 90,
        "Title": "A Real Live One"
    },
    {
        "AlbumId": 97,
        "ArtistId": 90,
        "Title": "Brave New World"
    },
    {
        "AlbumId": 98,
        "ArtistId": 90,
        "Title": "Dance Of Death"
    },
    {
        "AlbumId": 99,
        "ArtistId": 90,
        "Title": "Fear Of The Dark"
    },
    {
        "AlbumId": 100,
        "ArtistId": 90,
        "Title": "Iron Maiden"
    },
    {
        "AlbumId": 101,
        "ArtistId": 90,
        "Title": "Killers"
    },
    {
        "AlbumId": 102,
        "ArtistId": 90,
        "Title": "Live After Death"
    },
    {
        "AlbumId": 103,
        "ArtistId": 90,
        "Title": "Live At Donington 1992 (Disc 1)"
    },
    {
        "AlbumId": 104,
        "ArtistId": 90,
        "Title": "Live At Donington 1992 (Disc 2)"
    },
    {
        "AlbumId": 105,
        "ArtistId": 90,
        "Title": "No Prayer For The Dying"
    },
    {
        "AlbumId": 106,
        "ArtistId": 90,
        "Title": "Piece Of Mind"
    },
    {
        "AlbumId": 107,
        "ArtistId": 90,
        "Title": "Powerslave"
    },
    {
        "AlbumId": 108,
        "ArtistId": 90,
        "Title": "Rock In Rio [CD1]"
    },
    {
        "AlbumId": 109,
        "ArtistId": 90,
        "Title": "Rock In Rio [CD2]"
    },
    {
        "AlbumId": 110,
        "ArtistId": 90,
        "Title": "Seventh Son of a Seventh Son"
    },
    {
        "AlbumId": 111,
        "ArtistId": 90,
        "Title": "Somewhere in Time"
    },
    {
        "AlbumId": 112,
        "ArtistId": 90,
        "Title": "The Number of The Beast"
    },
    {
        "AlbumId": 113,
        "ArtistId": 90,
        "Title": "The X Factor"
    },
    {
        "AlbumId": 114,
        "ArtistId": 90,
        "Title": "Virtual XI"
    },
    {
        "AlbumId": 115,
        "ArtistId": 91,
        "Title": "Sex Machine"
    },
    {
        "AlbumId": 116,
        "ArtistId": 92,
        "Title": "Emergency On Planet Earth"
    },
    {
        "AlbumId": 117,
        "ArtistId": 92,
        "Title": "Synkronized"
    },
    {
        "AlbumId": 118,
        "ArtistId": 92,
        "Title": "The Return Of The Space Cowboy"
    },
    {
        "AlbumId": 119,
        "ArtistId": 93,
        "Title": "Get Born"
    },
    {
        "AlbumId": 120,
        "ArtistId": 94,
        "Title": "Are You Experienced?"
    },
    {
        "AlbumId": 121,
        "ArtistId": 95,
        "Title": "Surfing with the Alien (Remastered)"
    },
    {
        "AlbumId": 122,
        "ArtistId": 46,
        "Title": "Jorge Ben Jor 25 Anos"
    },
    {
        "AlbumId": 123,
        "ArtistId": 96,
        "Title": "Jota Quest-1995"
    },
    {
        "AlbumId": 124,
        "ArtistId": 97,
        "Title": "Cafezinho"
    },
    {
        "AlbumId": 125,
        "ArtistId": 98,
        "Title": "Living After Midnight"
    },
    {
        "AlbumId": 126,
        "ArtistId": 52,
        "Title": "Unplugged [Live]"
    },
    {
        "AlbumId": 127,
        "ArtistId": 22,
        "Title": "BBC Sessions [Disc 2] [Live]"
    },
    {
        "AlbumId": 128,
        "ArtistId": 22,
        "Title": "Coda"
    },
    {
        "AlbumId": 129,
        "ArtistId": 22,
        "Title": "Houses Of The Holy"
    },
    {
        "AlbumId": 130,
        "ArtistId": 22,
        "Title": "In Through The Out Door"
    },
    {
        "AlbumId": 131,
        "ArtistId": 22,
        "Title": "IV"
    },
    {
        "AlbumId": 132,
        "ArtistId": 22,
        "Title": "Led Zeppelin I"
    },
    {
        "AlbumId": 133,
        "ArtistId": 22,
        "Title": "Led Zeppelin II"
    },
    {
        "AlbumId": 134,
        "ArtistId": 22,
        "Title": "Led Zeppelin III"
    },
    {
        "AlbumId": 135,
        "ArtistId": 22,
        "Title": "Physical Graffiti [Disc 2]"
    },
    {
        "AlbumId": 136,
        "ArtistId": 22,
        "Title": "Presence"
    },
    {
        "AlbumId": 137,
        "ArtistId": 22,
        "Title": "The Song Remains The Same (Disc 1)"
    },
    {
        "AlbumId": 138,
        "ArtistId": 22,
        "Title": "The Song Remains The Same (Disc 2)"
    },
    {
        "AlbumId": 139,
        "ArtistId": 99,
        "Title": "A TempestadeTempestade Ou O Livro Dos Dias"
    },
    {
        "AlbumId": 140,
        "ArtistId": 99,
        "Title": "Mais Do Mesmo"
    },
    {
        "AlbumId": 141,
        "ArtistId": 100,
        "Title": "Greatest Hits"
    },
    {
        "AlbumId": 142,
        "ArtistId": 101,
        "Title": "Lulu Santos - RCA 100 Anos De Música - Álbum 01"
    },
    {
        "AlbumId": 143,
        "ArtistId": 101,
        "Title": "Lulu Santos - RCA 100 Anos De Música - Álbum 02"
    },
    {
        "AlbumId": 144,
        "ArtistId": 102,
        "Title": "Misplaced Childhood"
    },
    {
        "AlbumId": 145,
        "ArtistId": 103,
        "Title": "Barulhinho Bom"
    },
    {
        "AlbumId": 146,
        "ArtistId": 104,
        "Title": "Seek And Shall Find: More Of The Best (1963-1981)"
    },
    {
        "AlbumId": 147,
        "ArtistId": 105,
        "Title": "The Best Of Men At Work"
    },
    {
        "AlbumId": 148,
        "ArtistId": 50,
        "Title": "Black Album"
    },
    {
        "AlbumId": 149,
        "ArtistId": 50,
        "Title": "Garage Inc. (Disc 2)"
    },
    {
        "AlbumId": 150,
        "ArtistId": 50,
        "Title": "Kill 'Em All"
    },
    {
        "AlbumId": 151,
        "ArtistId": 50,
        "Title": "Load"
    },
    {
        "AlbumId": 152,
        "ArtistId": 50,
        "Title": "Master Of Puppets"
    },
    {
        "AlbumId": 153,
        "ArtistId": 50,
        "Title": "ReLoad"
    },
    {
        "AlbumId": 154,
        "ArtistId": 50,
        "Title": "Ride The Lightning"
    },
    {
        "AlbumId": 155,
        "ArtistId": 50,
        "Title": "St. Anger"
    },
    {
        "AlbumId": 156,
        "ArtistId": 50,
        "Title": "...And Justice For All"
    },
    {
        "AlbumId": 157,
        "ArtistId": 68,
        "Title": "Miles Ahead"
    },
    {
        "AlbumId": 158,
        "ArtistId": 42,
        "Title": "Milton Nascimento Ao Vivo"
    },
    {
        "AlbumId": 159,
        "ArtistId": 42,
        "Title": "Minas"
    },
    {
        "AlbumId": 160,
        "ArtistId": 106,
        "Title": "Ace Of Spades"
    },
    {
        "AlbumId": 161,
        "ArtistId": 108,
        "Title": "Demorou..."
    },
    {
        "AlbumId": 162,
        "ArtistId": 109,
        "Title": "Motley Crue Greatest Hits"
    },
    {
        "AlbumId": 163,
        "ArtistId": 110,
        "Title": "From The Muddy Banks Of The Wishkah [Live]"
    },
    {
        "AlbumId": 164,
        "ArtistId": 110,
        "Title": "Nevermind"
    },
    {
        "AlbumId": 165,
        "ArtistId": 111,
        "Title": "Compositores"
    },
    {
        "AlbumId": 166,
        "ArtistId": 112,
        "Title": "Olodum"
    },
    {
        "AlbumId": 167,
        "ArtistId": 113,
        "Title": "Acústico MTV"
    },
    {
        "AlbumId": 168,
        "ArtistId": 113,
        "Title": "Arquivo II"
    },
    {
        "AlbumId": 169,
        "ArtistId": 113,
        "Title": "Arquivo Os Paralamas Do Sucesso"
    },
    {
        "AlbumId": 170,
        "ArtistId": 114,
        "Title": "Bark at the Moon (Remastered)"
    },
    {
        "AlbumId": 171,
        "ArtistId": 114,
        "Title": "Blizzard of Ozz"
    },
    {
        "AlbumId": 172,
        "ArtistId": 114,
        "Title": "Diary of a Madman (Remastered)"
    },
    {
        "AlbumId": 173,
        "ArtistId": 114,
        "Title": "No More Tears (Remastered)"
    },
    {
        "AlbumId": 174,
        "ArtistId": 114,
        "Title": "Tribute"
    },
    {
        "AlbumId": 175,
        "ArtistId": 115,
        "Title": "Walking Into Clarksdale"
    },
    {
        "AlbumId": 176,
        "ArtistId": 116,
        "Title": "Original Soundtracks 1"
    },
    {
        "AlbumId": 177,
        "ArtistId": 117,
        "Title": "The Beast Live"
    },
    {
        "AlbumId": 178,
        "ArtistId": 118,
        "Title": "Live On Two Legs [Live]"
    },
    {
        "AlbumId": 179,
        "ArtistId": 118,
        "Title": "Pearl Jam"
    },
    {
        "AlbumId": 180,
        "ArtistId": 118,
        "Title": "Riot Act"
    },
    {
        "AlbumId": 181,
        "ArtistId": 118,
        "Title": "Ten"
    },
    {
        "AlbumId": 182,
        "ArtistId": 118,
        "Title": "Vs."
    },
    {
        "AlbumId": 183,
        "ArtistId": 120,
        "Title": "Dark Side Of The Moon"
    },
    {
        "AlbumId": 184,
        "ArtistId": 121,
        "Title": "Os Cães Ladram Mas A Caravana Não Pára"
    },
    {
        "AlbumId": 185,
        "ArtistId": 51,
        "Title": "Greatest Hits I"
    },
    {
        "AlbumId": 186,
        "ArtistId": 51,
        "Title": "News Of The World"
    },
    {
        "AlbumId": 187,
        "ArtistId": 122,
        "Title": "Out Of Time"
    },
    {
        "AlbumId": 188,
        "ArtistId": 124,
        "Title": "Green"
    },
    {
        "AlbumId": 189,
        "ArtistId": 124,
        "Title": "New Adventures In Hi-Fi"
    },
    {
        "AlbumId": 190,
        "ArtistId": 124,
        "Title": "The Best Of R.E.M.: The IRS Years"
    },
    {
        "AlbumId": 191,
        "ArtistId": 125,
        "Title": "Cesta Básica"
    },
    {
        "AlbumId": 192,
        "ArtistId": 126,
        "Title": "Raul Seixas"
    },
    {
        "AlbumId": 193,
        "ArtistId": 127,
        "Title": "Blood Sugar Sex Magik"
    },
    {
        "AlbumId": 194,
        "ArtistId": 127,
        "Title": "By The Way"
    },
    {
        "AlbumId": 195,
        "ArtistId": 127,
        "Title": "Californication"
    },
    {
        "AlbumId": 196,
        "ArtistId": 128,
        "Title": "Retrospective I (1974-1980)"
    },
    {
        "AlbumId": 197,
        "ArtistId": 59,
        "Title": "Santana - As Years Go By"
    },
    {
        "AlbumId": 198,
        "ArtistId": 59,
        "Title": "Santana Live"
    },
    {
        "AlbumId": 199,
        "ArtistId": 130,
        "Title": "Maquinarama"
    },
    {
        "AlbumId": 200,
        "ArtistId": 130,
        "Title": "O Samba Poconé"
    },
    {
        "AlbumId": 201,
        "ArtistId": 131,
        "Title": "Judas 0: B-Sides and Rarities"
    },
    {
        "AlbumId": 202,
        "ArtistId": 131,
        "Title": "Rotten Apples: Greatest Hits"
    },
    {
        "AlbumId": 203,
        "ArtistId": 132,
        "Title": "A-Sides"
    },
    {
        "AlbumId": 204,
        "ArtistId": 53,
        "Title": "Morning Dance"
    },
    {
        "AlbumId": 205,
        "ArtistId": 133,
        "Title": "In Step"
    },
    {
        "AlbumId": 206,
        "ArtistId": 134,
        "Title": "Core"
    },
    {
        "AlbumId": 207,
        "ArtistId": 135,
        "Title": "Mezmerize"
    },
    {
        "AlbumId": 208,
        "ArtistId": 136,
        "Title": "[1997] Black Light Syndrome"
    },
    {
        "AlbumId": 209,
        "ArtistId": 137,
        "Title": "Live [Disc 1]"
    },
    {
        "AlbumId": 210,
        "ArtistId": 137,
        "Title": "Live [Disc 2]"
    },
    {
        "AlbumId": 211,
        "ArtistId": 138,
        "Title": "The Singles"
    },
    {
        "AlbumId": 212,
        "ArtistId": 139,
        "Title": "Beyond Good And Evil"
    },
    {
        "AlbumId": 213,
        "ArtistId": 139,
        "Title": "Pure Cult: The Best Of The Cult (For Rockers, Ravers, Lovers & Sinners) [UK]"
    },
    {
        "AlbumId": 214,
        "ArtistId": 140,
        "Title": "The Doors"
    },
    {
        "AlbumId": 215,
        "ArtistId": 141,
        "Title": "The Police Greatest Hits"
    },
    {
        "AlbumId": 216,
        "ArtistId": 142,
        "Title": "Hot Rocks, 1964-1971 (Disc 1)"
    },
    {
        "AlbumId": 217,
        "ArtistId": 142,
        "Title": "No Security"
    },
    {
        "AlbumId": 218,
        "ArtistId": 142,
        "Title": "Voodoo Lounge"
    },
    {
        "AlbumId": 219,
        "ArtistId": 143,
        "Title": "Tangents"
    },
    {
        "AlbumId": 220,
        "ArtistId": 143,
        "Title": "Transmission"
    },
    {
        "AlbumId": 221,
        "ArtistId": 144,
        "Title": "My Generation - The Very Best Of The Who"
    },
    {
        "AlbumId": 222,
        "ArtistId": 145,
        "Title": "Serie Sem Limite (Disc 1)"
    },
    {
        "AlbumId": 223,
        "ArtistId": 145,
        "Title": "Serie Sem Limite (Disc 2)"
    },
    {
        "AlbumId": 224,
        "ArtistId": 146,
        "Title": "Acústico"
    },
    {
        "AlbumId": 225,
        "ArtistId": 146,
        "Title": "Volume Dois"
    },
    {
        "AlbumId": 226,
        "ArtistId": 147,
        "Title": "Battlestar Galactica: The Story So Far"
    },
    {
        "AlbumId": 227,
        "ArtistId": 147,
        "Title": "Battlestar Galactica, Season 3"
    },
    {
        "AlbumId": 228,
        "ArtistId": 148,
        "Title": "Heroes, Season 1"
    },
    {
        "AlbumId": 229,
        "ArtistId": 149,
        "Title": "Lost, Season 3"
    },
    {
        "AlbumId": 230,
        "ArtistId": 149,
        "Title": "Lost, Season 1"
    },
    {
        "AlbumId": 231,
        "ArtistId": 149,
        "Title": "Lost, Season 2"
    },
    {
        "AlbumId": 232,
        "ArtistId": 150,
        "Title": "Achtung Baby"
    },
    {
        "AlbumId": 233,
        "ArtistId": 150,
        "Title": "All That You Can't Leave Behind"
    },
    {
        "AlbumId": 234,
        "ArtistId": 150,
        "Title": "B-Sides 1980-1990"
    },
    {
        "AlbumId": 235,
        "ArtistId": 150,
        "Title": "How To Dismantle An Atomic Bomb"
    },
    {
        "AlbumId": 236,
        "ArtistId": 150,
        "Title": "Pop"
    },
    {
        "AlbumId": 237,
        "ArtistId": 150,
        "Title": "Rattle And Hum"
    },
    {
        "AlbumId": 238,
        "ArtistId": 150,
        "Title": "The Best Of 1980-1990"
    },
    {
        "AlbumId": 239,
        "ArtistId": 150,
        "Title": "War"
    },
    {
        "AlbumId": 240,
        "ArtistId": 150,
        "Title": "Zooropa"
    },
    {
        "AlbumId": 241,
        "ArtistId": 151,
        "Title": "UB40 The Best Of - Volume Two [UK]"
    },
    {
        "AlbumId": 242,
        "ArtistId": 152,
        "Title": "Diver Down"
    },
    {
        "AlbumId": 243,
        "ArtistId": 152,
        "Title": "The Best Of Van Halen, Vol. I"
    },
    {
        "AlbumId": 244,
        "ArtistId": 152,
        "Title": "Van Halen"
    },
    {
        "AlbumId": 245,
        "ArtistId": 152,
        "Title": "Van Halen III"
    },
    {
        "AlbumId": 246,
        "ArtistId": 153,
        "Title": "Contraband"
    },
    {
        "AlbumId": 247,
        "ArtistId": 72,
        "Title": "Vinicius De Moraes"
    },
    {
        "AlbumId": 248,
        "ArtistId": 155,
        "Title": "Ao Vivo [IMPORT]"
    },
    {
        "AlbumId": 249,
        "ArtistId": 156,
        "Title": "The Office, Season 1"
    },
    {
        "AlbumId": 250,
        "ArtistId": 156,
        "Title": "The Office, Season 2"
    },
    {
        "AlbumId": 251,
        "ArtistId": 156,
        "Title": "The Office, Season 3"
    },
    {
        "AlbumId": 252,
        "ArtistId": 157,
        "Title": "Un-Led-Ed"
    },
    {
        "AlbumId": 253,
        "ArtistId": 158,
        "Title": "Battlestar Galactica (Classic), Season 1"
    },
    {
        "AlbumId": 254,
        "ArtistId": 159,
        "Title": "Aquaman"
    },
    {
        "AlbumId": 255,
        "ArtistId": 150,
        "Title": "Instant Karma: The Amnesty International Campaign to Save Darfur"
    },
    {
        "AlbumId": 256,
        "ArtistId": 114,
        "Title": "Speak of the Devil"
    },
    {
        "AlbumId": 257,
        "ArtistId": 179,
        "Title": "20th Century Masters - The Millennium Collection: The Best of Scorpions"
    },
    {
        "AlbumId": 258,
        "ArtistId": 180,
        "Title": "House of Pain"
    },
    {
        "AlbumId": 259,
        "ArtistId": 36,
        "Title": "Radio Brasil (O Som da Jovem Vanguarda) - Seleccao de Henrique Amaro"
    },
    {
        "AlbumId": 260,
        "ArtistId": 196,
        "Title": "Cake: B-Sides and Rarities"
    },
    {
        "AlbumId": 261,
        "ArtistId": 149,
        "Title": "LOST, Season 4"
    },
    {
        "AlbumId": 262,
        "ArtistId": 197,
        "Title": "Quiet Songs"
    },
    {
        "AlbumId": 263,
        "ArtistId": 198,
        "Title": "Muso Ko"
    },
    {
        "AlbumId": 264,
        "ArtistId": 199,
        "Title": "Realize"
    },
    {
        "AlbumId": 265,
        "ArtistId": 200,
        "Title": "Every Kind of Light"
    },
    {
        "AlbumId": 266,
        "ArtistId": 201,
        "Title": "Duos II"
    },
    {
        "AlbumId": 267,
        "ArtistId": 202,
        "Title": "Worlds"
    },
    {
        "AlbumId": 268,
        "ArtistId": 203,
        "Title": "The Best of Beethoven"
    },
    {
        "AlbumId": 269,
        "ArtistId": 204,
        "Title": "Temple of the Dog"
    },
    {
        "AlbumId": 270,
        "ArtistId": 205,
        "Title": "Carry On"
    },
    {
        "AlbumId": 271,
        "ArtistId": 8,
        "Title": "Revelations"
    },
    {
        "AlbumId": 272,
        "ArtistId": 206,
        "Title": "Adorate Deum: Gregorian Chant from the Proper of the Mass"
    },
    {
        "AlbumId": 273,
        "ArtistId": 207,
        "Title": "Allegri: Miserere"
    },
    {
        "AlbumId": 274,
        "ArtistId": 208,
        "Title": "Pachelbel: Canon & Gigue"
    },
    {
        "AlbumId": 275,
        "ArtistId": 209,
        "Title": "Vivaldi: The Four Seasons"
    },
    {
        "AlbumId": 276,
        "ArtistId": 210,
        "Title": "Bach: Violin Concertos"
    },
    {
        "AlbumId": 277,
        "ArtistId": 211,
        "Title": "Bach: Goldberg Variations"
    },
    {
        "AlbumId": 278,
        "ArtistId": 212,
        "Title": "Bach: The Cello Suites"
    },
    {
        "AlbumId": 279,
        "ArtistId": 213,
        "Title": "Handel: The Messiah (Highlights)"
    },
    {
        "AlbumId": 280,
        "ArtistId": 214,
        "Title": "The World of Classical Favourites"
    },
    {
        "AlbumId": 281,
        "ArtistId": 215,
        "Title": "Sir Neville Marriner: A Celebration"
    },
    {
        "AlbumId": 282,
        "ArtistId": 216,
        "Title": "Mozart: Wind Concertos"
    },
    {
        "AlbumId": 283,
        "ArtistId": 217,
        "Title": "Haydn: Symphonies 99 - 104"
    },
    {
        "AlbumId": 284,
        "ArtistId": 218,
        "Title": "Beethoven: Symhonies Nos. 5 & 6"
    },
    {
        "AlbumId": 285,
        "ArtistId": 219,
        "Title": "A Soprano Inspired"
    },
    {
        "AlbumId": 286,
        "ArtistId": 220,
        "Title": "Great Opera Choruses"
    },
    {
        "AlbumId": 287,
        "ArtistId": 221,
        "Title": "Wagner: Favourite Overtures"
    },
    {
        "AlbumId": 288,
        "ArtistId": 222,
        "Title": "Fauré: Requiem, Ravel: Pavane & Others"
    },
    {
        "AlbumId": 289,
        "ArtistId": 223,
        "Title": "Tchaikovsky: The Nutcracker"
    },
    {
        "AlbumId": 290,
        "ArtistId": 224,
        "Title": "The Last Night of the Proms"
    },
    {
        "AlbumId": 291,
        "ArtistId": 225,
        "Title": "Puccini: Madama Butterfly - Highlights"
    },
    {
        "AlbumId": 292,
        "ArtistId": 226,
        "Title": "Holst: The Planets, Op. 32 & Vaughan Williams: Fantasies"
    },
    {
        "AlbumId": 293,
        "ArtistId": 227,
        "Title": "Pavarotti's Opera Made Easy"
    },
    {
        "AlbumId": 294,
        "ArtistId": 228,
        "Title": "Great Performances - Barber's Adagio and Other Romantic Favorites for Strings"
    },
    {
        "AlbumId": 295,
        "ArtistId": 229,
        "Title": "Carmina Burana"
    },
    {
        "AlbumId": 296,
        "ArtistId": 230,
        "Title": "A Copland Celebration, Vol. I"
    },
    {
        "AlbumId": 297,
        "ArtistId": 231,
        "Title": "Bach: Toccata & Fugue in D Minor"
    },
    {
        "AlbumId": 298,
        "ArtistId": 232,
        "Title": "Prokofiev: Symphony No.1"
    },
    {
        "AlbumId": 299,
        "ArtistId": 233,
        "Title": "Scheherazade"
    },
    {
        "AlbumId": 300,
        "ArtistId": 234,
        "Title": "Bach: The Brandenburg Concertos"
    },
    {
        "AlbumId": 301,
        "ArtistId": 235,
        "Title": "Chopin: Piano Concertos Nos. 1 & 2"
    },
    {
        "AlbumId": 302,
        "ArtistId": 236,
        "Title": "Mascagni: Cavalleria Rusticana"
    },
    {
        "AlbumId": 303,
        "ArtistId": 237,
        "Title": "Sibelius: Finlandia"
    },
    {
        "AlbumId": 304,
        "ArtistId": 238,
        "Title": "Beethoven Piano Sonatas: Moonlight & Pastorale"
    },
    {
        "AlbumId": 305,
        "ArtistId": 240,
        "Title": "Great Recordings of the Century - Mahler: Das Lied von der Erde"
    },
    {
        "AlbumId": 306,
        "ArtistId": 241,
        "Title": "Elgar: Cello Concerto & Vaughan Williams: Fantasias"
    },
    {
        "AlbumId": 307,
        "ArtistId": 242,
        "Title": "Adams, John: The Chairman Dances"
    },
    {
        "AlbumId": 308,
        "ArtistId": 243,
        "Title": "Tchaikovsky: 1812 Festival Overture, Op.49, Capriccio Italien & Beethoven: Wellington's Victory"
    },
    {
        "AlbumId": 309,
        "ArtistId": 244,
        "Title": "Palestrina: Missa Papae Marcelli & Allegri: Miserere"
    },
    {
        "AlbumId": 310,
        "ArtistId": 245,
        "Title": "Prokofiev: Romeo & Juliet"
    },
    {
        "AlbumId": 311,
        "ArtistId": 226,
        "Title": "Strauss: Waltzes"
    },
    {
        "AlbumId": 312,
        "ArtistId": 245,
        "Title": "Berlioz: Symphonie Fantastique"
    },
    {
        "AlbumId": 313,
        "ArtistId": 246,
        "Title": "Bizet: Carmen Highlights"
    },
    {
        "AlbumId": 314,
        "ArtistId": 247,
        "Title": "English Renaissance"
    },
    {
        "AlbumId": 315,
        "ArtistId": 208,
        "Title": "Handel: Music for the Royal Fireworks (Original Version 1749)"
    },
    {
        "AlbumId": 316,
        "ArtistId": 248,
        "Title": "Grieg: Peer Gynt Suites & Sibelius: Pelléas et Mélisande"
    },
    {
        "AlbumId": 317,
        "ArtistId": 249,
        "Title": "Mozart Gala: Famous Arias"
    },
    {
        "AlbumId": 318,
        "ArtistId": 250,
        "Title": "SCRIABIN: Vers la flamme"
    },
    {
        "AlbumId": 319,
        "ArtistId": 251,
        "Title": "Armada: Music from the Courts of England and Spain"
    },
    {
        "AlbumId": 320,
        "ArtistId": 248,
        "Title": "Mozart: Symphonies Nos. 40 & 41"
    },
    {
        "AlbumId": 321,
        "ArtistId": 252,
        "Title": "Back to Black"
    },
    {
        "AlbumId": 322,
        "ArtistId": 252,
        "Title": "Frank"
    },
    {
        "AlbumId": 323,
        "ArtistId": 253,
        "Title": "Carried to Dust (Bonus Track Version)"
    },
    {
        "AlbumId": 324,
        "ArtistId": 254,
        "Title": "Beethoven: Symphony No. 6 'Pastoral' Etc."
    },
    {
        "AlbumId": 325,
        "ArtistId": 255,
        "Title": "Bartok: Violin & Viola Concertos"
    },
    {
        "AlbumId": 326,
        "ArtistId": 256,
        "Title": "Mendelssohn: A Midsummer Night's Dream"
    },
    {
        "AlbumId": 327,
        "ArtistId": 257,
        "Title": "Bach: Orchestral Suites Nos. 1 - 4"
    },
    {
        "AlbumId": 328,
        "ArtistId": 258,
        "Title": "Charpentier: Divertissements, Airs & Concerts"
    },
    {
        "AlbumId": 329,
        "ArtistId": 259,
        "Title": "South American Getaway"
    },
    {
        "AlbumId": 330,
        "ArtistId": 260,
        "Title": "Górecki: Symphony No. 3"
    },
    {
        "AlbumId": 331,
        "ArtistId": 261,
        "Title": "Purcell: The Fairy Queen"
    },
    {
        "AlbumId": 332,
        "ArtistId": 262,
        "Title": "The Ultimate Relexation Album"
    },
    {
        "AlbumId": 333,
        "ArtistId": 263,
        "Title": "Purcell: Music for the Queen Mary"
    },
    {
        "AlbumId": 334,
        "ArtistId": 264,
        "Title": "Weill: The Seven Deadly Sins"
    },
    {
        "AlbumId": 335,
        "ArtistId": 265,
        "Title": "J.S. Bach: Chaconne, Suite in E Minor, Partita in E Major & Prelude, Fugue and Allegro"
    },
    {
        "AlbumId": 336,
        "ArtistId": 248,
        "Title": "Prokofiev: Symphony No.5 & Stravinksy: Le Sacre Du Printemps"
    },
    {
        "AlbumId": 337,
        "ArtistId": 266,
        "Title": "Szymanowski: Piano Works, Vol. 1"
    },
    {
        "AlbumId": 338,
        "ArtistId": 267,
        "Title": "Nielsen: The Six Symphonies"
    },
    {
        "AlbumId": 339,
        "ArtistId": 268,
        "Title": "Great Recordings of the Century: Paganini's 24 Caprices"
    },
    {
        "AlbumId": 340,
        "ArtistId": 269,
        "Title": "Liszt - 12 Études D'Execution Transcendante"
    },
    {
        "AlbumId": 341,
        "ArtistId": 270,
        "Title": "Great Recordings of the Century - Shubert: Schwanengesang, 4 Lieder"
    },
    {
        "AlbumId": 342,
        "ArtistId": 271,
        "Title": "Locatelli: Concertos for Violin, Strings and Continuo, Vol. 3"
    },
    {
        "AlbumId": 343,
        "ArtistId": 226,
        "Title": "Respighi:Pines of Rome"
    },
    {
        "AlbumId": 344,
        "ArtistId": 272,
        "Title": "Schubert: The Late String Quartets & String Quintet (3 CD's)"
    },
    {
        "AlbumId": 345,
        "ArtistId": 273,
        "Title": "Monteverdi: L'Orfeo"
    },
    {
        "AlbumId": 346,
        "ArtistId": 274,
        "Title": "Mozart: Chamber Music"
    },
    {
        "AlbumId": 347,
        "ArtistId": 275,
        "Title": "Koyaanisqatsi (Soundtrack from the Motion Picture)"
    }
]