[
    {
        "ArtistId": 1,
        "Name": "AC/DC"
    },
    {
        "ArtistId": 2,
        "Name": "Accept"
    },
    {
        "ArtistId": 3,
        "Name": "Aerosmith"
    },
    {
        "ArtistId": 4,
        "Name": "Alanis Morissette"
    },
    {
        "ArtistId": 5,
        "Name": "Alice In Chains"
    },
    {
        "ArtistId": 6,
        "Name": "Antônio Carlos Jobim"
    },
    {
        "ArtistId": 7,
        "Name": "Apocalyptica"
    },
    {
        "ArtistId": 8,
        "Name": "Audioslave"
    },
    {
        "ArtistId": 9,
        "Name": "BackBeat"
    },
    {
        "ArtistId": 10,
        "Name": "Billy Cobham"
    },
    {
        "ArtistId": 11,
        "Name": "Black Label Society"
    },
    {
        "ArtistId": 12,
        "Name": "Black Sabbath"
    },
    {
        "ArtistId": 13,
        "Name": "Body Count"
    },
    {
        "ArtistId": 14,
        "Name": "Bruce Dickinson"
    },
    {
        "ArtistId": 15,
        "Name": "Buddy Guy"
    },
    {
        "ArtistId": 16,
        "Name": "Caetano Veloso"
    },
    {
        "ArtistId": 17,
        "Name": "Chico Buarque"
    },
    {
        "ArtistId": 18,
        "Name": "Chico Science & Nação Zumbi"
    },
    {
        "ArtistId": 19,
        "Name": "Cidade Negra"
    },
    {
        "ArtistId": 20,
        "Name": "Cláudio Zoli"
    },
    {
        "ArtistId": 21,
        "Name": "Various Artists"
    },
    {
        "ArtistId": 22,
        "Name": "Led Zeppelin"
    },
    {
        "ArtistId": 23,
        "Name": "Frank Zappa & Captain Beefheart"
    },
    {
        "ArtistId": 24,
        "Name": "Marcos Valle"
    },
    {
        "ArtistId": 25,
        "Name": "Milton Nascimento & Bebeto"
    },
    {
        "ArtistId": 26,
        "Name": "Azymuth"
    },
    {
        "ArtistId": 27,
        "Name": "Gilberto Gil"
    },
    {
        "ArtistId": 28,
        "Name": "João Gilberto"
    },
    {
        "ArtistId": 29,
        "Name": "Bebel Gilberto"
    },
    {
        "ArtistId": 30,
        "Name": "Jorge Vercilo"
    },
    {
        "ArtistId": 31,
        "Name": "Baby Consuelo"
    },
    {
        "ArtistId": 32,
        "Name": "Ney Matogrosso"
    },
    {
        "ArtistId": 33,
        "Name": "Luiz Melodia"
    },
    {
        "ArtistId": 34,
        "Name": "Nando Reis"
    },
    {
        "ArtistId": 35,
        "Name": "Pedro Luís & A Parede"
    },
    {
        "ArtistId": 36,
        "Name": "O Rappa"
    },
    {
        "ArtistId": 37,
        "Name": "Ed Motta"
    },
    {
        "ArtistId": 38,
        "Name": "Banda Black Rio"
    },
    {
        "ArtistId": 39,
        "Name": "Fernanda Porto"
    },
    {
        "ArtistId": 40,
        "Name": "Os Cariocas"
    },
    {
        "ArtistId": 41,
        "Name": "Elis Regina"
    },
    {
        "ArtistId": 42,
        "Name": "Milton Nascimento"
    },
    {
        "ArtistId": 43,
        "Name": "A Cor Do Som"
    },
    {
        "ArtistId": 44,
        "Name": "Kid Abelha"
    },
    {
        "ArtistId": 45,
        "Name": "Sandra De Sá"
    },
    {
        "ArtistId": 46,
        "Name": "Jorge Ben"
    },
    {
        "ArtistId": 47,
        "Name": "Hermeto Pascoal"
    },
    {
        "ArtistId": 48,
        "Name": "Barão Vermelho"
    },
    {
        "ArtistId": 49,
        "Name": "Edson, DJ Marky & DJ Patife Featuring Fernanda Porto"
    },
    {
        "ArtistId": 50,
        "Name": "Metallica"
    },
    {
        "ArtistId": 51,
        "Name": "Queen"
    },
    {
        "ArtistId": 52,
        "Name": "Kiss"
    },
    {
        "ArtistId": 53,
        "Name": "Spyro Gyra"
    },
    {
        "ArtistId": 54,
        "Name": "Green Day"
    },
    {
        "ArtistId": 55,
        "Name": "David Coverdale"
    },
    {
        "ArtistId": 56,
        "Name": "Gonzaguinha"
    },
    {
        "ArtistId": 57,
        "Name": "Os Mutantes"
    },
    {
        "ArtistId": 58,
        "Name": "Deep Purple"
    },
    {
        "ArtistId": 59,
        "Name": "Santana"
    },
    {
        "ArtistId": 60,
        "Name": "Santana Feat. Dave Matthews"
    },
    {
        "ArtistId": 61,
        "Name": "Santana Feat. Everlast"
    },
    {
        "ArtistId": 62,
        "Name": "Santana Feat. Rob Thomas"
    },
    {
        "ArtistId": 63,
        "Name": "Santana Feat. Lauryn Hill & Cee-Lo"
    },
    {
        "ArtistId": 64,
        "Name": "Santana Feat. The Project G&B"
    },
    {
        "ArtistId": 65,
        "Name": "Santana Feat. Maná"
    },
    {
        "ArtistId": 66,
        "Name": "Santana Feat. Eagle-Eye Cherry"
    },
    {
        "ArtistId": 67,
        "Name": "Santana Feat. Eric Clapton"
    },
    {
        "ArtistId": 68,
        "Name": "Miles Davis"
    },
    {
        "ArtistId": 69,
        "Name": "Gene Krupa"
    },
    {
        "ArtistId": 70,
        "Name": "Toquinho & Vinícius"
    },
    {
        "ArtistId": 71,
        "Name": "Vinícius De Moraes & Baden Powell"
    },
    {
        "ArtistId": 72,
        "Name": "Vinícius De Moraes"
    },
    {
        "ArtistId": 73,
        "Name": "Vinícius E Qurteto Em Cy"
    },
    {
        "ArtistId": 74,
        "Name": "Vinícius E Odette Lara"
    },
    {
        "ArtistId": 75,
        "Name": "Vinicius, Toquinho & Quarteto Em Cy"
    },
    {
        "ArtistId": 76,
        "Name": "Creedence Clearwater Revival"
    },
    {
        "ArtistId": 77,
        "Name": "Cássia Eller"
    },
    {
        "ArtistId": 78,
        "Name": "Def Leppard"
    },
    {
        "ArtistId": 79,
        "Name": "Dennis Chambers"
    },
    {
        "ArtistId": 80,
        "Name": "Djavan"
    },
    {
        "ArtistId": 81,
        "Name": "Eric Clapton"
    },
    {
        "ArtistId": 82,
        "Name": "Faith No More"
    },
    {
        "ArtistId": 83,
        "Name": "Falamansa"
    },
    {
        "ArtistId": 84,
        "Name": "Foo Fighters"
    },
    {
        "ArtistId": 85,
        "Name": "Frank Sinatra"
    },
    {
        "ArtistId": 86,
        "Name": "Funk Como Le Gusta"
    },
    {
        "ArtistId": 87,
        "Name": "Godsmack"
    },
    {
        "ArtistId": 88,
        "Name": "Guns N' Roses"
    },
    {
        "ArtistId": 89,
        "Name": "Incognito"
    },
    {
        "ArtistId": 90,
        "Name": "Iron Maiden"
    },
    {
        "ArtistId": 91,
        "Name": "James Brown"
    },
    {
        "ArtistId": 92,
        "Name": "Jamiroquai"
    },
    {
        "ArtistId": 93,
        "Name": "JET"
    },
    {
        "ArtistId": 94,
        "Name": "Jimi Hendrix"
    },
    {
        "ArtistId": 95,
        "Name": "Joe Satriani"
    },
    {
        "ArtistId": 96,
        "Name": "Jota Quest"
    },
    {
        "ArtistId": 97,
        "Name": "João Suplicy"
    },
    {
        "ArtistId": 98,
        "Name": "Judas Priest"
    },
    {
        "ArtistId": 99,
        "Name": "Legião Urbana"
    },
    {
        "ArtistId": 100,
        "Name": "Lenny Kravitz"
    },
    {
        "ArtistId": 101,
        "Name": "Lulu Santos"
    },
    {
        "ArtistId": 102,
        "Name": "Marillion"
    },
    {
        "ArtistId": 103,
        "Name": "Marisa Monte"
    },
    {
        "ArtistId": 104,
        "Name": "Marvin Gaye"
    },
    {
        "ArtistId": 105,
        "Name": "Men At Work"
    },
    {
        "ArtistId": 106,
        "Name": "Motörhead"
    },
    {
        "ArtistId": 107,
        "Name": "Motörhead & Girlschool"
    },
    {
        "ArtistId": 108,
        "Name": "Mônica Marianno"
    },
    {
        "ArtistId": 109,
        "Name": "Mötley Crüe"
    },
    {
        "ArtistId": 110,
        "Name": "Nirvana"
    },
    {
        "ArtistId": 111,
        "Name": "O Terço"
    },
    {
        "ArtistId": 112,
        "Name": "Olodum"
    },
    {
        "ArtistId": 113,
        "Name": "Os Paralamas Do Sucesso"
    },
    {
        "ArtistId": 114,
        "Name": "Ozzy Osbourne"
    },
    {
        "ArtistId": 115,
        "Name": "Page & Plant"
    },
    {
        "ArtistId": 116,
        "Name": "Passengers"
    },
    {
        "ArtistId": 117,
        "Name": "Paul D'Ianno"
    },
    {
        "ArtistId": 118,
        "Name": "Pearl Jam"
    },
    {
        "ArtistId": 119,
        "Name": "Peter Tosh"
    },
    {
        "ArtistId": 120,
        "Name": "Pink Floyd"
    },
    {
        "ArtistId": 121,
        "Name": "Planet Hemp"
    },
    {
        "ArtistId": 122,
        "Name": "R.E.M. Feat. Kate Pearson"
    },
    {
        "ArtistId": 123,
        "Name": "R.E.M. Feat. KRS-One"
    },
    {
        "ArtistId": 124,
        "Name": "R.E.M."
    },
    {
        "ArtistId": 125,
        "Name": "Raimundos"
    },
    {
        "ArtistId": 126,
        "Name": "Raul Seixas"
    },
    {
        "ArtistId": 127,
        "Name": "Red Hot Chili Peppers"
    },
    {
        "ArtistId": 128,
        "Name": "Rush"
    },
    {
        "ArtistId": 129,
        "Name": "Simply Red"
    },
    {
        "ArtistId": 130,
        "Name": "Skank"
    },
    {
        "ArtistId": 131,
        "Name": "Smashing Pumpkins"
    },
    {
        "ArtistId": 132,
        "Name": "Soundgarden"
    },
    {
        "ArtistId": 133,
        "Name": "Stevie Ray Vaughan & Double Trouble"
    },
    {
        "ArtistId": 134,
        "Name": "Stone Temple Pilots"
    },
    {
        "ArtistId": 135,
        "Name": "System Of A Down"
    },
    {
        "ArtistId": 136,
        "Name": "Terry Bozzio, Tony Levin & Steve Stevens"
    },
    {
        "ArtistId": 137,
        "Name": "The Black Crowes"
    },
    {
        "ArtistId": 138,
        "Name": "The Clash"
    },
    {
        "ArtistId": 139,
        "Name": "The Cult"
    },
    {
        "ArtistId": 140,
        "Name": "The Doors"
    },
    {
        "ArtistId": 141,
        "Name": "The Police"
    },
    {
        "ArtistId": 142,
        "Name": "The Rolling Stones"
    },
    {
        "ArtistId": 143,
        "Name": "The Tea Party"
    },
    {
        "ArtistId": 144,
        "Name": "The Who"
    },
    {
        "ArtistId": 145,
        "Name": "Tim Maia"
    },
    {
        "ArtistId": 146,
        "Name": "Titãs"
    },
    {
        "ArtistId": 147,
        "Name": "Battlestar Galactica"
    },
    {
        "ArtistId": 148,
        "Name": "Heroes"
    },
    {
        "ArtistId": 149,
        "Name": "Lost"
    },
    {
        "ArtistId": 150,
        "Name": "U2"
    },
    {
        "ArtistId": 151,
        "Name": "UB40"
    },
    {
        "ArtistId": 152,
        "Name": "Van Halen"
    },
    {
        "ArtistId": 153,
        "Name": "Velvet Revolver"
    },
    {
        "ArtistId": 154,
        "Name": "Whitesnake"
    },
    {
        "ArtistId": 155,
        "Name": "Zeca Pagodinho"
    },
    {
        "ArtistId": 156,
        "Name": "The Office"
    },
    {
        "ArtistId": 157,
        "Name": "Dread Zeppelin"
    },
    {
        "ArtistId": 158,
        "Name": "Battlestar Galactica (Classic)"
    },
    {
        "ArtistId": 159,
        "Name": "Aquaman"
    },
    {
        "ArtistId": 160,
        "Name": "Christina Aguilera featuring BigElf"
    },
    {
        "ArtistId": 161,
        "Name": "Aerosmith & Sierra Leone's Refugee Allstars"
    },
    {
        "ArtistId": 162,
        "Name": "Los Lonely Boys"
    },
    {
        "ArtistId": 163,
        "Name": "Corinne Bailey Rae"
    },
    {
        "ArtistId": 164,
        "Name": "Dhani Harrison & Jakob Dylan"
    },
    {
        "ArtistId": 165,
        "Name": "Jackson Browne"
    },
    {
        "ArtistId": 166,
        "Name": "Avril Lavigne"
    },
    {
        "ArtistId": 167,
        "Name": "Big & Rich"
    },
    {
        "ArtistId": 168,
        "Name": "Youssou N'Dour"
    },
    {
        "ArtistId": 169,
        "Name": "Black Eyed Peas"
    },
    {
        "ArtistId": 170,
        "Name": "Jack Johnson"
    },
    {
        "ArtistId": 171,
        "Name": "Ben Harper"
    },
    {
        "ArtistId": 172,
        "Name": "Snow Patrol"
    },
    {
        "ArtistId": 173,
        "Name": "Matisyahu"
    },
    {
        "ArtistId": 174,
        "Name": "The Postal Service"
    },
    {
        "ArtistId": 175,
        "Name": "Jaguares"
    },
    {
        "ArtistId": 176,
        "Name": "The Flaming Lips"
    },
    {
        "ArtistId": 177,
        "Name": "Jack's Mannequin & Mick Fleetwood"
    },
    {
        "ArtistId": 178,
        "Name": "Regina Spektor"
    },
    {
        "ArtistId": 179,
        "Name": "Scorpions"
    },
    {
        "ArtistId": 180,
        "Name": "House Of Pain"
    },
    {
        "ArtistId": 181,
        "Name": "Xis"
    },
    {
        "ArtistId": 182,
        "Name": "Nega Gizza"
    },
    {
        "ArtistId": 183,
        "Name": "Gustavo & Andres Veiga & Salazar"
    },
    {
        "ArtistId": 184,
        "Name": "Rodox"
    },
    {
        "ArtistId": 185,
        "Name": "Charlie Brown Jr."
    },
    {
        "ArtistId": 186,
        "Name": "Pedro Luís E A Parede"
    },
    {
        "ArtistId": 187,
        "Name": "Los Hermanos"
    },
    {
        "ArtistId": 188,
        "Name": "Mundo Livre S/A"
    },
    {
        "ArtistId": 189,
        "Name": "Otto"
    },
    {
        "ArtistId": 190,
        "Name": "Instituto"
    },
    {
        "ArtistId": 191,
        "Name": "Nação Zumbi"
    },
    {
        "ArtistId": 192,
        "Name": "DJ Dolores & Orchestra Santa Massa"
    },
    {
        "ArtistId": 193,
        "Name": "Seu Jorge"
    },
    {
        "ArtistId": 194,
        "Name": "Sabotage E Instituto"
    },
    {
        "ArtistId": 195,
        "Name": "Stereo Maracana"
    },
    {
        "ArtistId": 196,
        "Name": "Cake"
    },
    {
        "ArtistId": 197,
        "Name": "Aisha Duo"
    },
    {
        "ArtistId": 198,
        "Name": "Habib Koité and Bamada"
    },
    {
        "ArtistId": 199,
        "Name": "Karsh Kale"
    },
    {
        "ArtistId": 200,
        "Name": "The Posies"
    },
    {
        "ArtistId": 201,
        "Name": "Luciana Souza/Romero Lubambo"
    },
    {
        "ArtistId": 202,
        "Name": "Aaron Goldberg"
    },
    {
        "ArtistId": 203,
        "Name": "Nicolaus Esterhazy Sinfonia"
    },
    {
        "ArtistId": 204,
        "Name": "Temple of the Dog"
    },
    {
        "ArtistId": 205,
        "Name": "Chris Cornell"
    },
    {
        "ArtistId": 206,
        "Name": "Alberto Turco & Nova Schola Gregoriana"
    },
    {
        "ArtistId": 207,
        "Name": "Richard Marlow & The Choir of Trinity College, Cambridge"
    },
    {
        "ArtistId": 208,
        "Name": "English Concert & Trevor Pinnock"
    },
    {
        "ArtistId": 209,
        "Name": "Anne-Sophie Mutter, Herbert Von Karajan & Wiener Philharmoniker"
    },
    {
        "ArtistId": 210,
        "Name": "Hilary Hahn, Jeffrey Kahane, Los Angeles Chamber Orchestra & Margaret Batjer"
    },
    {
        "ArtistId": 211,
        "Name": "Wilhelm Kempff"
    },
    {
        "ArtistId": 212,
        "Name": "Yo-Yo Ma"
    },
    {
        "ArtistId": 213,
        "Name": "Scholars Baroque Ensemble"
    },
    {
        "ArtistId": 214,
        "Name": "Academy of St. Martin in the Fields & Sir Neville Marriner"
    },
    {
        "ArtistId": 215,
        "Name": "Academy of St. Martin in the Fields Chamber Ensemble & Sir Neville Marriner"
    },
    {
        "ArtistId": 216,
        "Name": "Berliner Philharmoniker, Claudio Abbado & Sabine Meyer"
    },
    {
        "ArtistId": 217,
        "Name": "Royal Philharmonic Orchestra & Sir Thomas Beecham"
    },
    {
        "ArtistId": 218,
        "Name": "Orchestre Révolutionnaire et Romantique & John Eliot Gardiner"
    },
    {
        "ArtistId": 219,
        "Name": "Britten Sinfonia, Ivor Bolton & Lesley Garrett"
    },
    {
        "ArtistId": 220,
        "Name": "Chicago Symphony Chorus, Chicago Symphony Orchestra & Sir Georg Solti"
    },
    {
        "ArtistId": 221,
        "Name": "Sir Georg Solti & Wiener Philharmoniker"
    },
    {
        "ArtistId": 222,
        "Name": "Academy of St. Martin in the Fields, John Birch, Sir Neville Marriner & Sylvia McNair"
    },
    {
        "ArtistId": 223,
        "Name": "London Symphony Orchestra & Sir Charles Mackerras"
    },
    {
        "ArtistId": 224,
        "Name": "Barry Wordsworth & BBC Concert Orchestra"
    },
    {
        "ArtistId": 225,
        "Name": "Herbert Von Karajan, Mirella Freni & Wiener Philharmoniker"
    },
    {
        "ArtistId": 226,
        "Name": "Eugene Ormandy"
    },
    {
        "ArtistId": 227,
        "Name": "Luciano Pavarotti"
    },
    {
        "ArtistId": 228,
        "Name": "Leonard Bernstein & New York Philharmonic"
    },
    {
        "ArtistId": 229,
        "Name": "Boston Symphony Orchestra & Seiji Ozawa"
    },
    {
        "ArtistId": 230,
        "Name": "Aaron Copland & London Symphony Orchestra"
    },
    {
        "ArtistId": 231,
        "Name": "Ton Koopman"
    },
    {
        "ArtistId": 232,
        "Name": "Sergei Prokofiev & Yuri Temirkanov"
    },
    {
        "ArtistId": 233,
        "Name": "Chicago Symphony Orchestra & Fritz Reiner"
    },
    {
        "ArtistId": 234,
        "Name": "Orchestra of The Age of Enlightenment"
    },
    {
        "ArtistId": 235,
        "Name": "Emanuel Ax, Eugene Ormandy & Philadelphia Orchestra"
    },
    {
        "ArtistId": 236,
        "Name": "James Levine"
    },
    {
        "ArtistId": 237,
        "Name": "Berliner Philharmoniker & Hans Rosbaud"
    },
    {
        "ArtistId": 238,
        "Name": "Maurizio Pollini"
    },
    {
        "ArtistId": 239,
        "Name": "Academy of St. Martin in the Fields, Sir Neville Marriner & William Bennett"
    },
    {
        "ArtistId": 240,
        "Name": "Gustav Mahler"
    },
    {
        "ArtistId": 241,
        "Name": "Felix Schmidt, London Symphony Orchestra & Rafael Frühbeck de Burgos"
    },
    {
        "ArtistId": 242,
        "Name": "Edo de Waart & San Francisco Symphony"
    },
    {
        "ArtistId": 243,
        "Name": "Antal Doráti & London Symphony Orchestra"
    },
    {
        "ArtistId": 244,
        "Name": "Choir Of Westminster Abbey & Simon Preston"
    },
    {
        "ArtistId": 245,
        "Name": "Michael Tilson Thomas & San Francisco Symphony"
    },
    {
        "ArtistId": 246,
        "Name": "Chor der Wiener Staatsoper, Herbert Von Karajan & Wiener Philharmoniker"
    },
    {
        "ArtistId": 247,
        "Name": "The King's Singers"
    },
    {
        "ArtistId": 248,
        "Name": "Berliner Philharmoniker & Herbert Von Karajan"
    },
    {
        "ArtistId": 249,
        "Name": "Sir Georg Solti, Sumi Jo & Wiener Philharmoniker"
    },
    {
        "ArtistId": 250,
        "Name": "Christopher O'Riley"
    },
    {
        "ArtistId": 251,
        "Name": "Fretwork"
    },
    {
        "ArtistId": 252,
        "Name": "Amy Winehouse"
    },
    {
        "ArtistId": 253,
        "Name": "Calexico"
    },
    {
        "ArtistId": 254,
        "Name": "Otto Klemperer & Philharmonia Orchestra"
    },
    {
        "ArtistId": 255,
        "Name": "Yehudi Menuhin"
    },
    {
        "ArtistId": 256,
        "Name": "Philharmonia Orchestra & Sir Neville Marriner"
    },
    {
        "ArtistId": 257,
        "Name": "Academy of St. Martin in the Fields, Sir Neville Marriner & Thurston Dart"
    },
    {
        "ArtistId": 258,
        "Name": "Les Arts Florissants & William Christie"
    },
    {
        "ArtistId": 259,
        "Name": "The 12 Cellists of The Berlin Philharmonic"
    },
    {
        "ArtistId": 260,
        "Name": "Adrian Leaper & Doreen de Feis"
    },
    {
        "ArtistId": 261,
        "Name": "Roger Norrington, London Classical Players"
    },
    {
        "ArtistId": 262,
        "Name": "Charles Dutoit & L'Orchestre Symphonique de Montréal"
    },
    {
        "ArtistId": 263,
        "Name": "Equale Brass Ensemble, John Eliot Gardiner & Munich Monteverdi Orchestra and Choir"
    },
    {
        "ArtistId": 264,
        "Name": "Kent Nagano and Orchestre de l'Opéra de Lyon"
    },
    {
        "ArtistId": 265,
        "Name": "Julian Bream"
    },
    {
        "ArtistId": 266,
        "Name": "Martin Roscoe"
    },
    {
        "ArtistId": 267,
        "Name": "Göteborgs Symfoniker & Neeme Järvi"
    },
    {
        "ArtistId": 268,
        "Name": "Itzhak Perlman"
    },
    {
        "ArtistId": 269,
        "Name": "Michele Campanella"
    },
    {
        "ArtistId": 270,
        "Name": "Gerald Moore"
    },
    {
        "ArtistId": 271,
        "Name": "Mela Tenenbaum, Pro Musica Prague & Richard Kapp"
    },
    {
        "ArtistId": 272,
        "Name": "Emerson String Quartet"
    },
    {
        "ArtistId": 273,
        "Name": "C. Monteverdi, Nigel Rogers - Chiaroscuro; London Baroque; London Cornett & Sackbu"
    },
    {
        "ArtistId": 274,
        "Name": "Nash Ensemble"
    },
    {
        "ArtistId": 275,
        "Name": "Philip Glass Ensemble"
    }
]