[
    {
        "Address": "Av. Brigadeiro Faria Lima, 2170",
        "City": "São José dos Campos",
        "Company": "Embraer - Empresa Brasileira de Aeronáutica S.A.",
        "Country": "Brazil",
        "CustomerId": 1,
        "Email": "luisg@embraer.com.br",
        "Fax": "+55 (12) 3923-5566",
        "FirstName": "Luís",
        "LastName": "Gonçalves",
        "Phone": "+55 (12) 3923-5555",
        "PostalCode": "12227-000",
        "State": "SP",
        "SupportRepId": 3
    },
    {
        "Address": "Theodor-Heuss-Straße 34",
        "City": "Stuttgart",
        "Company": null,
        "Country": "Germany",
        "CustomerId": 2,
        "Email": "leonekohler@surfeu.de",
        "Fax": null,
        "FirstName": "Leonie",
        "LastName": "Köhler",
        "Phone": "+49 0711 2842222",
        "PostalCode": "70174",
        "State": null,
        "SupportRepId": 5
    },
    {
        "Address": "1498 rue Bélanger",
        "City": "Montréal",
        "Company": null,
        "Country": "Canada",
        "CustomerId": 3,
        "Email": "ftremblay@gmail.com",
        "Fax": null,
        "FirstName": "François",
        "LastName": "Tremblay",
        "Phone": "+1 (514) 721-4711",
        "PostalCode": "H2G 1A7",
        "State": "QC",
        "SupportRepId": 3
    },
    {
        "Address": "Ullevålsveien 14",
        "City": "Oslo",
        "Company": null,
        "Country": "Norway",
        "CustomerId": 4,
        "Email": "bjorn.hansen@yahoo.no",
        "Fax": null,
        "FirstName": "Bjørn",
        "LastName": "Hansen",
        "Phone": "+47 22 44 22 22",
        "PostalCode": "0171",
        "State": null,
        "SupportRepId": 4
    },
    {
        "Address": "Klanova 9/506",
        "City": "Prague",
        "Company": "JetBrains s.r.o.",
        "Country": "Czech Republic",
        "CustomerId": 5,
        "Email": "frantisekw@jetbrains.com",
        "Fax": "+420 2 4172 5555",
        "FirstName": "František",
        "LastName": "Wichterlová",
        "Phone": "+420 2 4172 5555",
        "PostalCode": "14700",
        "State": null,
        "SupportRepId": 4
    },
    {
        "Address": "Rilská 3174/6",
        "City": "Prague",
        "Company": null,
        "Country": "Czech Republic",
        "CustomerId": 6,
        "Email": "hholy@gmail.com",
        "Fax": null,
        "FirstName": "Helena",
        "LastName": "Holý",
        "Phone": "+420 2 4177 0449",
        "PostalCode": "14300",
        "State": null,
        "SupportRepId": 5
    },
    {
        "Address": "Rotenturmstraße 4, 1010 Innere Stadt",
        "City": "Vienne",
        "Company": null,
        "Country": "Austria",
        "CustomerId": 7,
        "Email": "astrid.gruber@apple.at",
        "Fax": null,
        "FirstName": "Astrid",
        "LastName": "Gruber",
        "Phone": "+43 01 5134505",
        "PostalCode": "1010",
        "State": null,
        "SupportRepId": 5
    },
    {
        "Address": "Grétrystraat 63",
        "City": "Brussels",
        "Company": null,
        "Country": "Belgium",
        "CustomerId": 8,
        "Email": "daan_peeters@apple.be",
        "Fax": null,
        "FirstName": "Daan",
        "LastName": "Peeters",
        "Phone": "+32 02 219 03 03",
        "PostalCode": "1000",
        "State": null,
        "SupportRepId": 4
    },
    {
        "Address": "Sønder Boulevard 51",
        "City": "Copenhagen",
        "Company": null,
        "Country": "Denmark",
        "CustomerId": 9,
        "Email": "kara.nielsen@jubii.dk",
        "Fax": null,
        "FirstName": "Kara",
        "LastName": "Nielsen",
        "Phone": "+453 3331 9991",
        "PostalCode": "1720",
        "State": null,
        "SupportRepId": 4
    },
    {
        "Address": "Rua Dr. Falcão Filho, 155",
        "City": "São Paulo",
        "Company": "Woodstock Discos",
        "Country": "Brazil",
        "CustomerId": 10,
        "Email": "eduardo@woodstock.com.br",
        "Fax": "+55 (11) 3033-4564",
        "FirstName": "Eduardo",
        "LastName": "Martins",
        "Phone": "+55 (11) 3033-5446",
        "PostalCode": "01007-010",
        "State": "SP",
        "SupportRepId": 4
    },
    {
        "Address": "Av. Paulista, 2022",
        "City": "São Paulo",
        "Company": "Banco do Brasil S.A.",
        "Country": "Brazil",
        "CustomerId": 11,
        "Email": "alero@uol.com.br",
        "Fax": "+55 (11) 3055-8131",
        "FirstName": "Alexandre",
        "LastName": "Rocha",
        "Phone": "+55 (11) 3055-3278",
        "PostalCode": "01310-200",
        "State": "SP",
        "SupportRepId": 5
    },
    {
        "Address": "Praça Pio X, 119",
        "City": "Rio de Janeiro",
        "Company": "Riotur",
        "Country": "Brazil",
        "CustomerId": 12,
        "Email": "roberto.almeida@riotur.gov.br",
        "Fax": "+55 (21) 2271-7070",
        "FirstName": "Roberto",
        "LastName": "Almeida",
        "Phone": "+55 (21) 2271-7000",
        "PostalCode": "20040-020",
        "State": "RJ",
        "SupportRepId": 3
    },
    {
        "Address": "Qe 7 Bloco G",
        "City": "Brasília",
        "Company": null,
        "Country": "Brazil",
        "CustomerId": 13,
        "Email": "fernadaramos4@uol.com.br",
        "Fax": "+55 (61) 3363-7855",
        "FirstName": "Fernanda",
        "LastName": "Ramos",
        "Phone": "+55 (61) 3363-5547",
        "PostalCode": "71020-677",
        "State": "DF",
        "SupportRepId": 4
    },
    {
        "Address": "8210 111 ST NW",
        "City": "Edmonton",
        "Company": "Telus",
        "Country": "Canada",
        "CustomerId": 14,
        "Email": "mphilips12@shaw.ca",
        "Fax": "+1 (780) 434-5565",
        "FirstName": "Mark",
        "LastName": "Philips",
        "Phone": "+1 (780) 434-4554",
        "PostalCode": "T6G 2C7",
        "State": "AB",
        "SupportRepId": 5
    },
    {
        "Address": "700 W Pender Street",
        "City": "Vancouver",
        "Company": "Rogers Canada",
        "Country": "Canada",
        "CustomerId": 15,
        "Email": "jenniferp@rogers.ca",
        "Fax": "+1 (604) 688-8756",
        "FirstName": "Jennifer",
        "LastName": "Peterson",
        "Phone": "+1 (604) 688-2255",
        "PostalCode": "V6C 1G8",
        "State": "BC",
        "SupportRepId": 3
    },
    {
        "Address": "1600 Amphitheatre Parkway",
        "City": "Mountain View",
        "Company": "Google Inc.",
        "Country": "USA",
        "CustomerId": 16,
        "Email": "fharris@google.com",
        "Fax": "+1 (650) 253-0000",
        "FirstName": "Frank",
        "LastName": "Harris",
        "Phone": "+1 (650) 253-0000",
        "PostalCode": "94043-1351",
        "State": "CA",
        "SupportRepId": 4
    },
    {
        "Address": "1 Microsoft Way",
        "City": "Redmond",
        "Company": "Microsoft Corporation",
        "Country": "USA",
        "CustomerId": 17,
        "Email": "jacksmith@microsoft.com",
        "Fax": "+1 (425) 882-8081",
        "FirstName": "Jack",
        "LastName": "Smith",
        "Phone": "+1 (425) 882-8080",
        "PostalCode": "98052-8300",
        "State": "WA",
        "SupportRepId": 5
    },
    {
        "Address": "627 Broadway",
        "City": "New York",
        "Company": null,
        "Country": "USA",
        "CustomerId": 18,
        "Email": "michelleb@aol.com",
        "Fax": "+1 (212) 221-4679",
        "FirstName": "Michelle",
        "LastName": "Brooks",
        "Phone": "+1 (212) 221-3546",
        "PostalCode": "10012-2612",
        "State": "NY",
        "SupportRepId": 3
    },
    {
        "Address": "1 Infinite Loop",
        "City": "Cupertino",
        "Company": "Apple Inc.",
        "Country": "USA",
        "CustomerId": 19,
        "Email": "tgoyer@apple.com",
        "Fax": "+1 (408) 996-1011",
        "FirstName": "Tim",
        "LastName": "Goyer",
        "Phone": "+1 (408) 996-1010",
        "PostalCode": "95014",
        "State": "CA",
        "SupportRepId": 3
    },
    {
        "Address": "541 Del Medio Avenue",
        "City": "Mountain View",
        "Company": null,
        "Country": "USA",
        "CustomerId": 20,
        "Email": "dmiller@comcast.com",
        "Fax": null,
        "FirstName": "Dan",
        "LastName": "Miller",
        "Phone": "+1 (650) 644-3358",
        "PostalCode": "94040-111",
        "State": "CA",
        "SupportRepId": 4
    },
    {
        "Address": "801 W 4th Street",
        "City": "Reno",
        "Company": null,
        "Country": "USA",
        "CustomerId": 21,
        "Email": "kachase@hotmail.com",
        "Fax": null,
        "FirstName": "Kathy",
        "LastName": "Chase",
        "Phone": "+1 (775) 223-7665",
        "PostalCode": "89503",
        "State": "NV",
        "SupportRepId": 5
    },
    {
        "Address": "120 S Orange Ave",
        "City": "Orlando",
        "Company": null,
        "Country": "USA",
        "CustomerId": 22,
        "Email": "hleacock@gmail.com",
        "Fax": null,
        "FirstName": "Heather",
        "LastName": "Leacock",
        "Phone": "+1 (407) 999-7788",
        "PostalCode": "32801",
        "State": "FL",
        "SupportRepId": 4
    },
    {
        "Address": "69 Salem Street",
        "City": "Boston",
        "Company": null,
        "Country": "USA",
        "CustomerId": 23,
        "Email": "johngordon22@yahoo.com",
        "Fax": null,
        "FirstName": "John",
        "LastName": "Gordon",
        "Phone": "+1 (617) 522-1333",
        "PostalCode": "2113",
        "State": "MA",
        "SupportRepId": 4
    },
    {
        "Address": "162 E Superior Street",
        "City": "Chicago",
        "Company": null,
        "Country": "USA",
        "CustomerId": 24,
        "Email": "fralston@gmail.com",
        "Fax": null,
        "FirstName": "Frank",
        "LastName": "Ralston",
        "Phone": "+1 (312) 332-3232",
        "PostalCode": "60611",
        "State": "IL",
        "SupportRepId": 3
    },
    {
        "Address": "319 N. Frances Street",
        "City": "Madison",
        "Company": null,
        "Country": "USA",
        "CustomerId": 25,
        "Email": "vstevens@yahoo.com",
        "Fax": null,
        "FirstName": "Victor",
        "LastName": "Stevens",
        "Phone": "+1 (608) 257-0597",
        "PostalCode": "53703",
        "State": "WI",
        "SupportRepId": 5
    },
    {
        "Address": "2211 W Berry Street",
        "City": "Fort Worth",
        "Company": null,
        "Country": "USA",
        "CustomerId": 26,
        "Email": "ricunningham@hotmail.com",
        "Fax": null,
        "FirstName": "Richard",
        "LastName": "Cunningham",
        "Phone": "+1 (817) 924-7272",
        "PostalCode": "76110",
        "State": "TX",
        "SupportRepId": 4
    },
    {
        "Address": "1033 N Park Ave",
        "City": "Tucson",
        "Company": null,
        "Country": "USA",
        "CustomerId": 27,
        "Email": "patrick.gray@aol.com",
        "Fax": null,
        "FirstName": "Patrick",
        "LastName": "Gray",
        "Phone": "+1 (520) 622-4200",
        "PostalCode": "85719",
        "State": "AZ",
        "SupportRepId": 4
    },
    {
        "Address": "302 S 700 E",
        "City": "Salt Lake City",
        "Company": null,
        "Country": "USA",
        "CustomerId": 28,
        "Email": "jubarnett@gmail.com",
        "Fax": null,
        "FirstName": "Julia",
        "LastName": "Barnett",
        "Phone": "+1 (801) 531-7272",
        "PostalCode": "84102",
        "State": "UT",
        "SupportRepId": 5
    },
    {
        "Address": "796 Dundas Street West",
        "City": "Toronto",
        "Company": null,
        "Country": "Canada",
        "CustomerId": 29,
        "Email": "robbrown@shaw.ca",
        "Fax": null,
        "FirstName": "Robert",
        "LastName": "Brown",
        "Phone": "+1 (416) 363-8888",
        "PostalCode": "M6J 1V1",
        "State": "ON",
        "SupportRepId": 3
    },
    {
        "Address": "230 Elgin Street",
        "City": "Ottawa",
        "Company": null,
        "Country": "Canada",
        "CustomerId": 30,
        "Email": "edfrancis@yachoo.ca",
        "Fax": null,
        "FirstName": "Edward",
        "LastName": "Francis",
        "Phone": "+1 (613) 234-3322",
        "PostalCode": "K2P 1L7",
        "State": "ON",
        "SupportRepId": 3
    },
    {
        "Address": "194A Chain Lake Drive",
        "City": "Halifax",
        "Company": null,
        "Country": "Canada",
        "CustomerId": 31,
        "Email": "marthasilk@gmail.com",
        "Fax": null,
        "FirstName": "Martha",
        "LastName": "Silk",
        "Phone": "+1 (902) 450-0450",
        "PostalCode": "B3S 1C5",
        "State": "NS",
        "SupportRepId": 5
    },
    {
        "Address": "696 Osborne Street",
        "City": "Winnipeg",
        "Company": null,
        "Country": "Canada",
        "CustomerId": 32,
        "Email": "aaronmitchell@yahoo.ca",
        "Fax": null,
        "FirstName": "Aaron",
        "LastName": "Mitchell",
        "Phone": "+1 (204) 452-6452",
        "PostalCode": "R3L 2B9",
        "State": "MB",
        "SupportRepId": 4
    },
    {
        "Address": "5112 48 Street",
        "City": "Yellowknife",
        "Company": null,
        "Country": "Canada",
        "CustomerId": 33,
        "Email": "ellie.sullivan@shaw.ca",
        "Fax": null,
        "FirstName": "Ellie",
        "LastName": "Sullivan",
        "Phone": "+1 (867) 920-2233",
        "PostalCode": "X1A 1N6",
        "State": "NT",
        "SupportRepId": 3
    },
    {
        "Address": "Rua da Assunção 53",
        "City": "Lisbon",
        "Company": null,
        "Country": "Portugal",
        "CustomerId": 34,
        "Email": "jfernandes@yahoo.pt",
        "Fax": null,
        "FirstName": "João",
        "LastName": "Fernandes",
        "Phone": "+351 (213) 466-111",
        "PostalCode": null,
        "State": null,
        "SupportRepId": 4
    },
    {
        "Address": "Rua dos Campeões Europeus de Viena, 4350",
        "City": "Porto",
        "Company": null,
        "Country": "Portugal",
        "CustomerId": 35,
        "Email": "masampaio@sapo.pt",
        "Fax": null,
        "FirstName": "Madalena",
        "LastName": "Sampaio",
        "Phone": "+351 (225) 022-448",
        "PostalCode": null,
        "State": null,
        "SupportRepId": 4
    },
    {
        "Address": "Tauentzienstraße 8",
        "City": "Berlin",
        "Company": null,
        "Country": "Germany",
        "CustomerId": 36,
        "Email": "hannah.schneider@yahoo.de",
        "Fax": null,
        "FirstName": "Hannah",
        "LastName": "Schneider",
        "Phone": "+49 030 26550280",
        "PostalCode": "10789",
        "State": null,
        "SupportRepId": 5
    },
    {
        "Address": "Berger Straße 10",
        "City": "Frankfurt",
        "Company": null,
        "Country": "Germany",
        "CustomerId": 37,
        "Email": "fzimmermann@yahoo.de",
        "Fax": null,
        "FirstName": "Fynn",
        "LastName": "Zimmermann",
        "Phone": "+49 069 40598889",
        "PostalCode": "60316",
        "State": null,
        "SupportRepId": 3
    },
    {
        "Address": "Barbarossastraße 19",
        "City": "Berlin",
        "Company": null,
        "Country": "Germany",
        "CustomerId": 38,
        "Email": "nschroder@surfeu.de",
        "Fax": null,
        "FirstName": "Niklas",
        "LastName": "Schröder",
        "Phone": "+49 030 2141444",
        "PostalCode": "10779",
        "State": null,
        "SupportRepId": 3
    },
    {
        "Address": "4, Rue Milton",
        "City": "Paris",
        "Company": null,
        "Country": "France",
        "CustomerId": 39,
        "Email": "camille.bernard@yahoo.fr",
        "Fax": null,
        "FirstName": "Camille",
        "LastName": "Bernard",
        "Phone": "+33 01 49 70 65 65",
        "PostalCode": "75009",
        "State": null,
        "SupportRepId": 4
    },
    {
        "Address": "8, Rue Hanovre",
        "City": "Paris",
        "Company": null,
        "Country": "France",
        "CustomerId": 40,
        "Email": "dominiquelefebvre@gmail.com",
        "Fax": null,
        "FirstName": "Dominique",
        "LastName": "Lefebvre",
        "Phone": "+33 01 47 42 71 71",
        "PostalCode": "75002",
        "State": null,
        "SupportRepId": 4
    },
    {
        "Address": "11, Place Bellecour",
        "City": "Lyon",
        "Company": null,
        "Country": "France",
        "CustomerId": 41,
        "Email": "marc.dubois@hotmail.com",
        "Fax": null,
        "FirstName": "Marc",
        "LastName": "Dubois",
        "Phone": "+33 04 78 30 30 30",
        "PostalCode": "69002",
        "State": null,
        "SupportRepId": 5
    },
    {
        "Address": "9, Place Louis Barthou",
        "City": "Bordeaux",
        "Company": null,
        "Country": "France",
        "CustomerId": 42,
        "Email": "wyatt.girard@yahoo.fr",
        "Fax": null,
        "FirstName": "Wyatt",
        "LastName": "Girard",
        "Phone": "+33 05 56 96 96 96",
        "PostalCode": "33000",
        "State": null,
        "SupportRepId": 3
    },
    {
        "Address": "68, Rue Jouvence",
        "City": "Dijon",
        "Company": null,
        "Country": "France",
        "CustomerId": 43,
        "Email": "isabelle_mercier@apple.fr",
        "Fax": null,
        "FirstName": "Isabelle",
        "LastName": "Mercier",
        "Phone": "+33 03 80 73 66 99",
        "PostalCode": "21000",
        "State": null,
        "SupportRepId": 3
    },
    {
        "Address": "Porthaninkatu 9",
        "City": "Helsinki",
        "Company": null,
        "Country": "Finland",
        "CustomerId": 44,
        "Email": "terhi.hamalainen@apple.fi",
        "Fax": null,
        "FirstName": "Terhi",
        "LastName": "Hämäläinen",
        "Phone": "+358 09 870 2000",
        "PostalCode": "00530",
        "State": null,
        "SupportRepId": 3
    },
    {
        "Address": "Erzsébet krt. 58.",
        "City": "Budapest",
        "Company": null,
        "Country": "Hungary",
        "CustomerId": 45,
        "Email": "ladislav_kovacs@apple.hu",
        "Fax": null,
        "FirstName": "Ladislav",
        "LastName": "Kovács",
        "Phone": null,
        "PostalCode": "H-1073",
        "State": null,
        "SupportRepId": 3
    },
    {
        "Address": "3 Chatham Street",
        "City": "Dublin",
        "Company": null,
        "Country": "Ireland",
        "CustomerId": 46,
        "Email": "hughoreilly@apple.ie",
        "Fax": null,
        "FirstName": "Hugh",
        "LastName": "O'Reilly",
        "Phone": "+353 01 6792424",
        "PostalCode": null,
        "State": "Dublin",
        "SupportRepId": 3
    },
    {
        "Address": "Via Degli Scipioni, 43",
        "City": "Rome",
        "Company": null,
        "Country": "Italy",
        "CustomerId": 47,
        "Email": "lucas.mancini@yahoo.it",
        "Fax": null,
        "FirstName": "Lucas",
        "LastName": "Mancini",
        "Phone": "+39 06 39733434",
        "PostalCode": "00192",
        "State": "RM",
        "SupportRepId": 5
    },
    {
        "Address": "Lijnbaansgracht 120bg",
        "City": "Amsterdam",
        "Company": null,
        "Country": "Netherlands",
        "CustomerId": 48,
        "Email": "johavanderberg@yahoo.nl",
        "Fax": null,
        "FirstName": "Johannes",
        "LastName": "Van der Berg",
        "Phone": "+31 020 6223130",
        "PostalCode": "1016",
        "State": "VV",
        "SupportRepId": 5
    },
    {
        "Address": "Ordynacka 10",
        "City": "Warsaw",
        "Company": null,
        "Country": "Poland",
        "CustomerId": 49,
        "Email": "stanisław.wójcik@wp.pl",
        "Fax": null,
        "FirstName": "Stanisław",
        "LastName": "Wójcik",
        "Phone": "+48 22 828 37 39",
        "PostalCode": "00-358",
        "State": null,
        "SupportRepId": 4
    },
    {
        "Address": "C/ San Bernardo 85",
        "City": "Madrid",
        "Company": null,
        "Country": "Spain",
        "CustomerId": 50,
        "Email": "enrique_munoz@yahoo.es",
        "Fax": null,
        "FirstName": "Enrique",
        "LastName": "Muñoz",
        "Phone": "+34 914 454 454",
        "PostalCode": "28015",
        "State": null,
        "SupportRepId": 5
    },
    {
        "Address": "Celsiusg. 9",
        "City": "Stockholm",
        "Company": null,
        "Country": "Sweden",
        "CustomerId": 51,
        "Email": "joakim.johansson@yahoo.se",
        "Fax": null,
        "FirstName": "Joakim",
        "LastName": "Johansson",
        "Phone": "+46 08-651 52 52",
        "PostalCode": "11230",
        "State": null,
        "SupportRepId": 5
    },
    {
        "Address": "202 Hoxton Street",
        "City": "London",
        "Company": null,
        "Country": "United Kingdom",
        "CustomerId": 52,
        "Email": "emma_jones@hotmail.com",
        "Fax": null,
        "FirstName": "Emma",
        "LastName": "Jones",
        "Phone": "+44 020 7707 0707",
        "PostalCode": "N1 5LH",
        "State": null,
        "SupportRepId": 3
    },
    {
        "Address": "113 Lupus St",
        "City": "London",
        "Company": null,
        "Country": "United Kingdom",
        "CustomerId": 53,
        "Email": "phil.hughes@gmail.com",
        "Fax": null,
        "FirstName": "Phil",
        "LastName": "Hughes",
        "Phone": "+44 020 7976 5722",
        "PostalCode": "SW1V 3EN",
        "State": null,
        "SupportRepId": 3
    },
    {
        "Address": "110 Raeburn Pl",
        "City": "Edinburgh ",
        "Company": null,
        "Country": "United Kingdom",
        "CustomerId": 54,
        "Email": "steve.murray@yahoo.uk",
        "Fax": null,
        "FirstName": "Steve",
        "LastName": "Murray",
        "Phone": "+44 0131 315 3300",
        "PostalCode": "EH4 1HH",
        "State": null,
        "SupportRepId": 5
    },
    {
        "Address": "421 Bourke Street",
        "City": "Sidney",
        "Company": null,
        "Country": "Australia",
        "CustomerId": 55,
        "Email": "mark.taylor@yahoo.au",
        "Fax": null,
        "FirstName": "Mark",
        "LastName": "Taylor",
        "Phone": "+61 (02) 9332 3633",
        "PostalCode": "2010",
        "State": "NSW",
        "SupportRepId": 4
    },
    {
        "Address": "307 Macacha Güemes",
        "City": "Buenos Aires",
        "Company": null,
        "Country": "Argentina",
        "CustomerId": 56,
        "Email": "diego.gutierrez@yahoo.ar",
        "Fax": null,
        "FirstName": "Diego",
        "LastName": "Gutiérrez",
        "Phone": "+54 (0)11 4311 4333",
        "PostalCode": "1106",
        "State": null,
        "SupportRepId": 4
    },
    {
        "Address": "Calle Lira, 198",
        "City": "Santiago",
        "Company": null,
        "Country": "Chile",
        "CustomerId": 57,
        "Email": "luisrojas@yahoo.cl",
        "Fax": null,
        "FirstName": "Luis",
        "LastName": "Rojas",
        "Phone": "+56 (0)2 635 4444",
        "PostalCode": null,
        "State": null,
        "SupportRepId": 5
    },
    {
        "Address": "12,Community Centre",
        "City": "Delhi",
        "Company": null,
        "Country": "India",
        "CustomerId": 58,
        "Email": "manoj.pareek@rediff.com",
        "Fax": null,
        "FirstName": "Manoj",
        "LastName": "Pareek",
        "Phone": "+91 0124 39883988",
        "PostalCode": "110017",
        "State": null,
        "SupportRepId": 3
    },
    {
        "Address": "3,Raj Bhavan Road",
        "City": "Bangalore",
        "Company": null,
        "Country": "India",
        "CustomerId": 59,
        "Email": "puja_srivastava@yahoo.in",
        "Fax": null,
        "FirstName": "Puja",
        "LastName": "Srivastava",
        "Phone": "+91 080 22289999",
        "PostalCode": "560001",
        "State": null,
        "SupportRepId": 3
    }
]