[
    {
        "Address": "11120 Jasper Ave NW",
        "BirthDate": "1962-02-18 00:00:00",
        "City": "Edmonton",
        "Country": "Canada",
        "Email": "andrew@chinookcorp.com",
        "EmployeeId": 1,
        "Fax": "+1 (780) 428-3457",
        "FirstName": "Andrew",
        "HireDate": "2002-08-14 00:00:00",
        "LastName": "Adams",
        "Phone": "+1 (780) 428-9482",
        "PostalCode": "T5K 2N1",
        "ReportsTo": null,
        "State": "AB",
        "Title": "General Manager"
    },
    {
        "Address": "825 8 Ave SW",
        "BirthDate": "1958-12-08 00:00:00",
        "City": "Calgary",
        "Country": "Canada",
        "Email": "nancy@chinookcorp.com",
        "EmployeeId": 2,
        "Fax": "+1 (403) 262-3322",
        "FirstName": "Nancy",
        "HireDate": "2002-05-01 00:00:00",
        "LastName": "Edwards",
        "Phone": "+1 (403) 262-3443",
        "PostalCode": "T2P 2T3",
        "ReportsTo": 1,
        "State": "AB",
        "Title": "Sales Manager"
    },
    {
        "Address": "1111 6 Ave SW",
        "BirthDate": "1973-08-29 00:00:00",
        "City": "Calgary",
        "Country": "Canada",
        "Email": "jane@chinookcorp.com",
        "EmployeeId": 3,
        "Fax": "+1 (403) 262-6712",
        "FirstName": "Jane",
        "HireDate": "2002-04-01 00:00:00",
        "LastName": "Peacock",
        "Phone": "+1 (403) 262-3443",
        "PostalCode": "T2P 5M5",
        "ReportsTo": 2,
        "State": "AB",
        "Title": "Sales Support Agent"
    },
    {
        "Address": "683 10 Street SW",
        "BirthDate": "1947-09-19 00:00:00",
        "City": "Calgary",
        "Country": "Canada",
        "Email": "margaret@chinookcorp.com",
        "EmployeeId": 4,
        "Fax": "+1 (403) 263-4289",
        "FirstName": "Margaret",
        "HireDate": "2003-05-03 00:00:00",
        "LastName": "Park",
        "Phone": "+1 (403) 263-4423",
        "PostalCode": "T2P 5G3",
        "ReportsTo": 2,
        "State": "AB",
        "Title": "Sales Support Agent"
    },
    {
        "Address": "7727B 41 Ave",
        "BirthDate": "1965-03-03 00:00:00",
        "City": "Calgary",
        "Country": "Canada",
        "Email": "steve@chinookcorp.com",
        "EmployeeId": 5,
        "Fax": "1 (780) 836-9543",
        "FirstName": "Steve",
        "HireDate": "2003-10-17 00:00:00",
        "LastName": "Johnson",
        "Phone": "1 (780) 836-9987",
        "PostalCode": "T3B 1Y7",
        "ReportsTo": 2,
        "State": "AB",
        "Title": "Sales Support Agent"
    },
    {
        "Address": "5827 Bowness Road NW",
        "BirthDate": "1973-07-01 00:00:00",
        "City": "Calgary",
        "Country": "Canada",
        "Email": "michael@chinookcorp.com",
        "EmployeeId": 6,
        "Fax": "+1 (403) 246-9899",
        "FirstName": "Michael",
        "HireDate": "2003-10-17 00:00:00",
        "LastName": "Mitchell",
        "Phone": "+1 (403) 246-9887",
        "PostalCode": "T3B 0C5",
        "ReportsTo": 1,
        "State": "AB",
        "Title": "IT Manager"
    },
    {
        "Address": "590 Columbia Boulevard West",
        "BirthDate": "1970-05-29 00:00:00",
        "City": "Lethbridge",
        "Country": "Canada",
        "Email": "robert@chinookcorp.com",
        "EmployeeId": 7,
        "Fax": "+1 (403) 456-8485",
        "FirstName": "Robert",
        "HireDate": "2004-01-02 00:00:00",
        "LastName": "King",
        "Phone": "+1 (403) 456-9986",
        "PostalCode": "T1K 5N8",
        "ReportsTo": 6,
        "State": "AB",
        "Title": "IT Staff"
    },
    {
        "Address": "923 7 ST NW",
        "BirthDate": "1968-01-09 00:00:00",
        "City": "Lethbridge",
        "Country": "Canada",
        "Email": "laura@chinookcorp.com",
        "EmployeeId": 8,
        "Fax": "+1 (403) 467-8772",
        "FirstName": "Laura",
        "HireDate": "2004-03-04 00:00:00",
        "LastName": "Callahan",
        "Phone": "+1 (403) 467-3351",
        "PostalCode": "T1H 1Y8",
        "ReportsTo": 6,
        "State": "AB",
        "Title": "IT Staff"
    }
]