[
    {
        "Name": "Music",
        "PlaylistId": 1
    },
    {
        "Name": "Movies",
        "PlaylistId": 2
    },
    {
        "Name": "TV Shows",
        "PlaylistId": 3
    },
    {
        "Name": "Audiobooks",
        "PlaylistId": 4
    },
    {
        "Name": "90’s Music",
        "PlaylistId": 5
    },
    {
        "Name": "Audiobooks",
        "PlaylistId": 6
    },
    {
        "Name": "Movies",
        "PlaylistId": 7
    },
    {
        "Name": "Music",
        "PlaylistId": 8
    },
    {
        "Name": "Music Videos",
        "PlaylistId": 9
    },
    {
        "Name": "TV Shows",
        "PlaylistId": 10
    },
    {
        "Name": "Brazilian Music",
        "PlaylistId": 11
    },
    {
        "Name": "Classical",
        "PlaylistId": 12
    },
    {
        "Name": "Classical 101 - Deep Cuts",
        "PlaylistId": 13
    },
    {
        "Name": "Classical 101 - Next Steps",
        "PlaylistId": 14
    },
    {
        "Name": "Classical 101 - The Basics",
        "PlaylistId": 15
    },
    {
        "Name": "Grunge",
        "PlaylistId": 16
    },
    {
        "Name": "Heavy Metal Classic",
        "PlaylistId": 17
    },
    {
        "Name": "On-The-Go 1",
        "PlaylistId": 18
    }
]