[
    {
        "name": "genres",
        "seq": 25
    },
    {
        "name": "media_types",
        "seq": 5
    },
    {
        "name": "artists",
        "seq": 275
    },
    {
        "name": "albums",
        "seq": 347
    },
    {
        "name": "tracks",
        "seq": 3503
    },
    {
        "name": "employees",
        "seq": 8
    },
    {
        "name": "customers",
        "seq": 59
    },
    {
        "name": "invoices",
        "seq": 412
    },
    {
        "name": "invoice_items",
        "seq": 2240
    },
    {
        "name": "playlists",
        "seq": 18
    }
]